epoch,class_0,class_1,class_2,class_3,class_4,class_5,class_6,class_7,class_8,class_9,class_10,class_11,class_12
1,0.011644868078954106,0.0,0.014054206915888661,0.0067606364638771585,0.06797610378627973,0.19509216623456294,0.22785009951029353,0.10371612581604114,8.157249263034721e-05,0.05277998418653681,4.534043868385775e-06,0.1415134223224267,0.0
2,0.35939308340856857,0.011341841442300713,0.1083394053260911,0.21004093341576022,0.5649789267608261,0.3510946256679628,0.3309489918094104,0.19767796676903693,0.10307650506540388,0.07712515055986342,0.007114962093775653,0.5516779109626427,0.07501915698474457
3,0.5950022943253368,0.1346609790388548,0.2041935943514717,0.4957575722414481,0.6982435999573949,0.4780613226578399,0.40847803186963133,0.2734342534342264,0.43098016554930724,0.21233957446433407,0.13100978468569346,0.6190764837093432,0.2393690936133741
4,0.6646315889337132,0.21645597207599995,0.34127815067112827,0.5905840757329992,0.7897688910531865,0.5248783524854206,0.4577987522959442,0.41309801678565494,0.5771158419559412,0.3188895636619243,0.303763809104375,0.6812502053607382,0.4014423824362082
5,0.688723783254528,0.24120961815013167,0.4874304183410501,0.6294752174838757,0.8278283373176988,0.5433707820670466,0.48800729776282953,0.5028621069072505,0.6084261506999875,0.3888446209897961,0.43243273811693117,0.7267456068555707,0.5074428364095421
6,0.7025486007921428,0.2438327556995824,0.6091497420267417,0.65678471235876,0.8589898841384469,0.5602987388763232,0.5111916150362928,0.5470549615712268,0.6286045619428101,0.4289054106543916,0.5070516395235765,0.7575917672645445,0.566543560287936
7,0.7186971083442371,0.24502757657359273,0.6715409230293685,0.6711049855282114,0.8737184626180926,0.5756490894957617,0.5324187181792182,0.5754316481032131,0.6388140245677429,0.45066809821495657,0.5531137205893932,0.7773547727453438,0.5959830211254898
8,0.7278838959552837,0.25015804653743773,0.7079293461419275,0.6797347878365482,0.8864273678146967,0.5903136830986675,0.5437916293808128,0.5940338237241407,0.6450976870308233,0.47000582361045773,0.5792614017637755,0.7916672412165003,0.6023466845873265
9,0.7425957821410801,0.24614401943435146,0.7292933092152637,0.6888757782261157,0.8931895317487396,0.5955886512934194,0.55559315515611,0.6039683300321598,0.654369170766218,0.4846175205368852,0.5912896799176168,0.7990932707647579,0.6090123717331956
10,0.7522555319680044,0.24713028601904022,0.7373454260379015,0.6973525126782938,0.8982748224577204,0.6023422898959219,0.5598074187293256,0.6057505777820354,0.6645610483083625,0.49738848718725537,0.5874780473457273,0.8032513303816614,0.6124827296310409
11,0.7617347435302277,0.25197016854433074,0.7439027001776413,0.7047432987110205,0.9021528433593259,0.6126733812880707,0.5649194129653969,0.6113626147518013,0.6720912946037757,0.5053415094418924,0.5876548723302817,0.8077844606148552,0.6186274733183847
12,0.7663645047608939,0.24945707988273913,0.7513788574688924,0.7105452845641829,0.90580371305817,0.6182787241396753,0.5717407136327275,0.6100051846132615,0.6789998124366728,0.5148657051648661,0.6030494320168204,0.8102231832134335,0.6256787910453894
13,0.7690429678651616,0.25374748664309377,0.7579137058586394,0.7140276561192854,0.9087607490512867,0.6264820871972818,0.5791782279897467,0.6149572874129233,0.6843167105909109,0.5190891155280887,0.6070365951644713,0.8139563122540187,0.6294964160139489
14,0.7696115563449333,0.25315867101841594,0.763603845361699,0.7169851388809417,0.9110178529973678,0.6302485413001102,0.5821137148098597,0.6175315464310689,0.6859108254074274,0.5211063968344744,0.5995267255635671,0.8163315942993287,0.634346560229635
15,0.774923839062615,0.25375640434614766,0.7675767405219402,0.7208443375258217,0.9128712857051454,0.6353212601879139,0.5849325138719331,0.6185937540401775,0.6910615484540216,0.5221740902416943,0.6043453605013076,0.8195005938401012,0.6393728892130772
16,0.7768690468689647,0.2584024297899402,0.769343891803161,0.7230340975774362,0.91482582025109,0.6395453716048299,0.5874897276066104,0.6199211658814721,0.6970597761489329,0.5245448957143662,0.6101024547596934,0.8214387842069073,0.6434700816454847
17,0.7793169002466038,0.2590536449401625,0.7709527134487348,0.7248530964733476,0.9164059472385796,0.6425138477990785,0.5880975351926955,0.6215680552331889,0.7035835392528578,0.527894233526004,0.622874683691663,0.8226193949671784,0.6452142022340518
18,0.7790352492750227,0.2587025662135529,0.7729161171194935,0.7262725240817295,0.9178759611475474,0.6456526572664992,0.5890618335959457,0.6273300654714976,0.7087265918356467,0.5299721380539862,0.6272928962086333,0.8247639330585222,0.647188742327493
19,0.7799245306572405,0.2594233403024323,0.7734706984458034,0.7275932624393648,0.9188065241072167,0.6494193830714057,0.5917529399620056,0.629225943350591,0.7116348899730256,0.5333052566617811,0.618386503105246,0.8280117961512239,0.6512307476901974
20,0.7827695580988292,0.25885737072214443,0.7733289025487626,0.729411310641852,0.920230809503395,0.6524306712936309,0.593910271645604,0.6316818215239822,0.7141414072694956,0.5367348928735493,0.6132405766029794,0.8297381269227262,0.6550292106883863
21,0.7839096570609622,0.2608450704225352,0.7737089235677405,0.7314029961614521,0.9209173251139148,0.6553662346051785,0.5960321583942262,0.6331857296288079,0.7159915238141121,0.539007436388316,0.6139243157469373,0.8311410872711734,0.6581987035270579
22,0.7836260681445911,0.2591822682818541,0.7752856016316554,0.7347759269813429,0.9217492842951809,0.656938098878269,0.5980264005123705,0.6342513041045865,0.719393273473312,0.5405577516962319,0.62650364942561,0.832747444079113,0.6585339235864032
23,0.7854172658589322,0.2576728042495785,0.7746551429263804,0.7373993040612331,0.9224039325826853,0.6584124782299875,0.6001181978413729,0.6344954847183205,0.7246402745846307,0.5427305498572859,0.6275270187525824,0.8341645738411416,0.6606562301389224
24,0.7885954240579252,0.2584609456790937,0.7749123211646521,0.7387158239343703,0.9231521529152381,0.6620789681191814,0.6029140537981708,0.6375274975185402,0.7269988614121049,0.5453660715540364,0.6270182131817352,0.8356169540895044,0.6628024376315427
25,0.7924139589774299,0.2622241513423381,0.774185110259121,0.7395032133213663,0.9240245666691037,0.6649487099932515,0.6043772038026507,0.6396784478797369,0.7293972427200148,0.5477011539565518,0.6236056230003121,0.8367038950892234,0.6651672021732598
26,0.7978774337134505,0.26586000157614925,0.7756373065400156,0.7424493602963597,0.9240144030501335,0.6674350079942678,0.6050689845709342,0.6395266211131861,0.7354704757710754,0.5495083619684608,0.6274515251899778,0.8372172771766498,0.6673752441830619
27,0.8016289688022211,0.2658327890095534,0.7769929400905887,0.7437148268766948,0.9241390784768654,0.6698856104487436,0.6059615840187015,0.641943730997046,0.738015454502589,0.5505752179589521,0.6278938202168803,0.8376134667510521,0.667834062675919
28,0.8036718627388004,0.26746879267720763,0.7784939746833339,0.7442141848946286,0.9241566513238656,0.6721115876717216,0.6071323766830713,0.6436872942621789,0.7387137230969737,0.5527667883368015,0.629815971549976,0.8374735571921611,0.6684237166753844
29,0.8060131924674067,0.26939297683645175,0.7780261222445936,0.743205786429907,0.924351909662704,0.6733738584353858,0.6073430618746244,0.6449296611817301,0.7384261668326119,0.5535195505197535,0.6296851784184184,0.8375180593969804,0.6721464898005237
30,0.8088865631865435,0.2693327328003603,0.7802880184271704,0.743842302031702,0.924665391477231,0.6746688446082341,0.60842646666894,0.644223632351028,0.7388113491907476,0.5537094696735811,0.6271082372843356,0.8378884263133252,0.6716276340506934
31,0.8118401517065569,0.26788789559378146,0.7837704712321035,0.7459848631388386,0.925407486999723,0.6750024480378157,0.6091432984429034,0.6429619614241617,0.741855338172634,0.5550028992949314,0.623452087686522,0.8374781683677651,0.669264824544256
32,0.8111493790579141,0.26881061556159463,0.7854012837445107,0.7468863748453096,0.9265714995761195,0.6753266693250761,0.6111197373958503,0.64283213601637,0.7423253608739423,0.5546880198648382,0.6148310451908148,0.8380376720134554,0.6686900441705081
33,0.811267482238058,0.26348455621827105,0.7860889213338357,0.7470370657873115,0.9269420655163606,0.6753672186079873,0.6119952171754398,0.6431971091568268,0.7455046874110353,0.5557056691042512,0.6119188655537605,0.8378205071432383,0.671079104098621
34,0.8127894669786107,0.26445240683334004,0.7879113347912067,0.748306506354045,0.927099734221979,0.6756536912582413,0.6131029770202953,0.6421975302276418,0.7473768900233169,0.5561121090866121,0.6097301958757214,0.8382659663427848,0.6723822858532673
35,0.8139428346816288,0.26328100360152207,0.7884443131425195,0.7495243104294471,0.9270987260381578,0.6763730256574444,0.6139367199912106,0.6423834361129628,0.7471508136440786,0.5569868597218857,0.6147146017209436,0.8389179739194043,0.6720242003361542
36,0.8150072815204928,0.26388223482025924,0.7898273372622907,0.7515667765676263,0.9277292743442354,0.678075061181819,0.6143358615381009,0.6423948827919252,0.7462007668268188,0.5574922594518702,0.6152943114068316,0.8391712071511203,0.6723627555579588
37,0.8150231333184184,0.2647549605917038,0.7904418820263938,0.7527259885403994,0.9281368043997688,0.678717821143158,0.6145662476382195,0.6422969213438484,0.7455886332599498,0.558507428969349,0.6212356863092883,0.8387069751722858,0.6734213345455742
38,0.813450132681356,0.2608819603016439,0.7907493983612007,0.755172506669221,0.9285077193391648,0.6786703544060316,0.6144241046568799,0.6412141768490609,0.7481664191067562,0.5590991257591247,0.619722293444846,0.8389353263140638,0.6727233893660783
39,0.8139565020090672,0.25985422180661427,0.7920055584433224,0.757522409111974,0.9286986174927647,0.6796588391973755,0.6142973949867098,0.6408862700634405,0.7523216340408235,0.5597693655382646,0.6178516008948025,0.8387422074616498,0.672348548186626
40,0.8142276058481679,0.2574060381777374,0.7932863115264471,0.760141993262152,0.9289682061611,0.6808799538295381,0.614918206424369,0.6411924004180066,0.7544990643944286,0.560586335688401,0.621617152176222,0.8388833333501295,0.6752215961053735
41,0.8144800635467625,0.2592829409225753,0.7937365969361574,0.7614577944124685,0.9293235490701824,0.6819997979098398,0.6150164268326702,0.6429006103524941,0.7563791944466212,0.5613495552477549,0.6055602629299031,0.8388141700034432,0.6769283878478358
42,0.8148039699690526,0.2578604722097778,0.7948120061660798,0.762085918815849,0.9296756736927212,0.6829253696848135,0.61475363293556,0.6440339942522495,0.755628718605917,0.562298405526818,0.6018515360573414,0.8389269345797453,0.6775761524518861
43,0.8148936017236544,0.2588264079243653,0.7957430269631465,0.7623388360225481,0.929746165248528,0.6838241983640589,0.6145444075406831,0.6455133739108986,0.7528760714952376,0.562733279030563,0.5978804467541792,0.8385789372554757,0.6763336653625895
44,0.8148518035824435,0.25663354553029954,0.7971210539083843,0.7631358406527246,0.9300417914606678,0.6848621854023512,0.6147913866928043,0.6460534184981707,0.7518609140851498,0.5634740996321165,0.5971503645513819,0.8385738957677872,0.6761051237313483
45,0.814673312486775,0.25442324557969087,0.7981067584601959,0.7644844248499059,0.9300030394188876,0.6855762436986788,0.6150540962674077,0.6474572504974396,0.7525987221607313,0.5640334476348942,0.5962500625575698,0.8383926982157898,0.6758283282564758
46,0.8144653115995423,0.25383955489105126,0.7991012861668516,0.7652477315532298,0.9300967143583164,0.6859257777345424,0.6153913415144192,0.6489273024368218,0.7531922613202938,0.5644306600756338,0.5973320457956997,0.8382297113549395,0.6762882535470568
47,0.8141850887873252,0.2529709517886815,0.7995190635829182,0.7657714951383827,0.9301888899194614,0.6863734298286366,0.6159311542958007,0.650347733002109,0.7534499382968216,0.5646895574436691,0.5971553105432528,0.8382928751751272,0.6762719160783558
48,0.8138755827391445,0.252799752805695,0.8000606597327168,0.7656349678173995,0.9301827231023574,0.6868946425571932,0.6161054340197526,0.6518093037423952,0.7532644436509756,0.5649274351992354,0.5929660192618088,0.8382611673871301,0.6763715637286711
49,0.8136075380048574,0.2522810952432937,0.8005047271203248,0.7658195409531517,0.9300596841213878,0.687044348476157,0.6162524645399418,0.6524194702093574,0.7538315259426791,0.5650882736623427,0.5889748998689701,0.8382929986799164,0.6769304683487682
50,0.8131855882526012,0.2514941424832603,0.8007979297073533,0.7663196758727898,0.9301054100010556,0.6874184858328117,0.6163725951247151,0.6532874447059358,0.7542065367235046,0.5652842648350372,0.5869644014657441,0.8383420290512946,0.6770089344508651
1,0.004828529920609564,0.0,0.02047339653320762,0.010789396803672174,0.10435648214510021,0.2001091960074766,0.2241904127572298,0.09586583105519138,0.00041829401692621427,0.050614327869425185,0.00011788460608405474,0.18525644847696382,0.0
2,0.3047681821164545,0.012253349069300371,0.09298573356132639,0.23622527962271636,0.5870320054253899,0.35184210433118956,0.32033656060809623,0.21866161556329544,0.07760992119490831,0.06476994055421949,0.0017764752977786505,0.554820366980032,0.03772935724796662
3,0.5713362451183163,0.16841599731739304,0.21181695235031964,0.482325410974042,0.6883081998423108,0.4755951754633598,0.40201010520301,0.28231841762203397,0.3836674238707884,0.20312067631177463,0.08010902307037546,0.6218240864635903,0.18892894368207558
4,0.6547923181176958,0.22248347551842412,0.30566546617354934,0.5790790628148051,0.7889636000494515,0.5175643436574004,0.4572502442804677,0.3904051848379087,0.5487175421764976,0.3048189463631904,0.28503991893583924,0.670844145263383,0.3383643567902518
5,0.6902824304183686,0.23056381997584346,0.4684415222287987,0.6251304780277733,0.8255043596793774,0.5322051978131546,0.4904585775538358,0.4908466650318985,0.5977584587967014,0.3774274276302489,0.4245375402601696,0.7223176363842274,0.5016168594998043
6,0.7063413274964787,0.23449298978220395,0.5820116257389699,0.6534408173268107,0.8572430657284716,0.5504237822921861,0.5155736078217229,0.534965772573672,0.6219683604308262,0.4220590656897767,0.49604555078422186,0.7514209154470702,0.5684757796933625
7,0.7234759866146692,0.2376912474009082,0.6513709699677689,0.6692592719244356,0.8729914510987654,0.5691099587117435,0.5383022136805355,0.5633791475322507,0.6360390491701566,0.44468008456457264,0.5462536752756929,0.773020589824614,0.6092485211525134
8,0.7349604245758218,0.2444969934166001,0.6948499452864892,0.6803521048784484,0.8859791630947678,0.5885562878364535,0.5556197011943319,0.5849510393403196,0.6461570525158629,0.47027877213649166,0.5714986730759601,0.7868618436904155,0.6245473175884815
9,0.7467860002465717,0.2417871901558199,0.7260788434463447,0.6883578077016328,0.8943158843880782,0.5979747546888414,0.565426352116828,0.5940721835685382,0.6542650359093534,0.4859137924052347,0.5879014299694434,0.7960999221521136,0.6300925545570111
10,0.7550902462381067,0.24339147654483095,0.7361714986739794,0.6967749780908044,0.8999554208829537,0.6072180285764867,0.5679476441174881,0.5995186969178596,0.6616653784020038,0.4988514343828128,0.5921959994332427,0.8017522449034723,0.6309094370019567
11,0.7633452593431975,0.24820757888286515,0.7421078305532796,0.7023597698072753,0.9032999550867696,0.6168428773185621,0.5704825388500794,0.6015511445921695,0.6690443254094067,0.5063167239245429,0.5988447027683678,0.8060280682983904,0.6321927822971641
12,0.765091539569191,0.24601723687646906,0.7480707412490696,0.7072638586377779,0.9064032165272506,0.6220518253785231,0.5746161904945751,0.604007781882594,0.6711445892328453,0.5154905268966881,0.6033626873879495,0.8086095956859776,0.6331878344200084
13,0.7661772782706382,0.2501107467463306,0.7549137532684869,0.7097635845617346,0.9093762592961305,0.6290700466841328,0.5809414872219693,0.608824311367955,0.6777348263255919,0.5164330486221445,0.6031438333673099,0.8117504848368785,0.6369864988538171
14,0.767689494852622,0.2505983754505929,0.761658151722239,0.7127828612667663,0.9123408245908259,0.6335331939357167,0.5823765639442183,0.6118892530933744,0.6787519015186433,0.519141935453329,0.590130791523296,0.8140906331457637,0.6416022606728259
15,0.774062426054792,0.25118878376391,0.7660949862044064,0.7167185521369066,0.914402057830734,0.6372518621906673,0.5858479265336168,0.6138467304295,0.6869148066605083,0.5231980269014859,0.5888235580975736,0.8186399943261489,0.6479257922952975
16,0.7755111067337138,0.2552275481276149,0.7676939682353162,0.7205894730685959,0.9160837442229097,0.6409874241774521,0.5871759710461787,0.6153400347956165,0.6930330571375373,0.5256330685075978,0.5876160633392772,0.8214376344896497,0.6498127452363501
17,0.7782386230163432,0.25508996265872314,0.7718552943652509,0.722639531024979,0.9170572779888652,0.6445638647105113,0.5888915930278243,0.6168185525646975,0.7000985907644951,0.5290329713925738,0.6010410469253323,0.822812309133046,0.6513786820471622
18,0.7798382098630373,0.25445044243368037,0.7756104417079733,0.723978159228173,0.918239583694131,0.6476148414939885,0.5902826892425586,0.6207846113934875,0.7036653246769252,0.5321367865086355,0.6115297386484748,0.8245240591455764,0.6536244722242396
19,0.7814431244568173,0.2533817953668998,0.77437052758042,0.7249889607334625,0.9189448088366455,0.6507979604164683,0.5931913243752474,0.6255293370803044,0.7066836185110518,0.5353432120824669,0.6049127272727273,0.8268377606546362,0.6600467199096425
20,0.7867839695426493,0.2523035643551906,0.7752848097372533,0.7263716523369185,0.9203314499694588,0.6536652382774606,0.5963855303923876,0.6284129425360132,0.7128337406237304,0.5390028473315478,0.6030870896711085,0.8282246039279364,0.6652430823396169
21,0.7899167053888171,0.2533597133344638,0.7746691747064971,0.7268194040748003,0.9211571521010594,0.6553722086786224,0.5993172729371675,0.6302740040840235,0.7142515308867721,0.5410660781104766,0.6014759561586537,0.8293159280741558,0.6671801280865078
22,0.787876739312364,0.2534830030741999,0.7737437433614343,0.7297197045575313,0.9214811122192554,0.6563907980119082,0.601808354362015,0.6328797507826778,0.7223543691969591,0.5414485637245909,0.6010076704740765,0.8300622594647652,0.668684013816487
23,0.7908961779334115,0.2525809545989769,0.7733347246034235,0.731033928028806,0.922053849067006,0.6574893086768677,0.6032930544892685,0.632457764316754,0.7275608592861956,0.5418039650111917,0.5978459610548391,0.8313450776672885,0.6706832846673287
24,0.7962373673345842,0.25148984799752244,0.771694722793021,0.7335293800516562,0.9226199240159567,0.660996032113247,0.6052191772215006,0.6339091022366208,0.7325739716569234,0.5425976828492521,0.6066072008632374,0.8327943215323641,0.6740098557202929
25,0.7986085968152452,0.2514257677605531,0.7712011507439605,0.7344810352282788,0.9233155200570815,0.6634904491027945,0.6061078777766693,0.6342356026283604,0.7348901515082852,0.544212232848023,0.6048270070834202,0.8339468604434292,0.6761463734802685
26,0.8009997042309054,0.2500734954250724,0.770274709090881,0.737432794382296,0.923178873804105,0.6646332453352305,0.6065019557604658,0.6343076886338004,0.7412250573564837,0.5445684683040505,0.6141558122388794,0.8351862227913982,0.6758286743467693
27,0.8014831541679593,0.24474797070132315,0.7713345611969967,0.7389083847351127,0.923432760573391,0.6668445174595017,0.6075354947835239,0.6356322876642975,0.7423791194787711,0.5454683697015701,0.6175181149172294,0.8362312635405865,0.6770532777623686
28,0.8015254931259946,0.2442428137425846,0.7728531727052984,0.7404646696398391,0.9236168058448653,0.6693790654287664,0.6088832347760111,0.636554282442808,0.742815367748696,0.5487654141476579,0.6182254885859747,0.8369249639738984,0.676745153477923
29,0.801514284569985,0.24695619271079441,0.7725141651043104,0.741564084634377,0.9240090495655787,0.6706754177670944,0.6102992840663753,0.6365777856259933,0.7433489125869824,0.5494849967107494,0.6215337328236388,0.8370109829677254,0.6785181322411126
30,0.8037258528440179,0.24771675979383884,0.7735178553342665,0.7434605511210942,0.9241065780165447,0.671855573288523,0.6115326052396379,0.635984672527171,0.7445660672810606,0.5496756333150384,0.6288692620084145,0.8377571967002077,0.6771906196430482
31,0.8054378783321428,0.24943716203421212,0.7774349016844458,0.7467954488857806,0.9245978904100414,0.6730904147309601,0.6115280262936986,0.6355747861795648,0.7463740555529509,0.5502700713320792,0.6312863008506971,0.8381464024325921,0.6728785523874768
32,0.8071481492052253,0.2524366841923448,0.7795004104853097,0.7488470359888727,0.9249188275415887,0.6740567611873007,0.6120867811412408,0.6363235858843264,0.7480280792665266,0.550220958866472,0.6323591012195026,0.8383571836236035,0.6706641559725537
33,0.8092987733127462,0.24995980754855113,0.7807085169347051,0.7502636894808761,0.925360764304949,0.6751773807070285,0.6124704158901745,0.6374294198738528,0.7511605894987424,0.5517716539236864,0.627192763584694,0.8383442176314405,0.6732519491546518
34,0.8103001724694336,0.25136254553207155,0.782364938526621,0.7516083069636023,0.9254252055020381,0.6759591368180147,0.6122692985408301,0.6396670503418969,0.7522463457003772,0.5521559459177573,0.6192128921181118,0.8389353252489172,0.674512796074418
35,0.8105501451903611,0.25115226888368575,0.7830239347640274,0.7516199456978929,0.925391850791267,0.6769320783372872,0.6120675466843624,0.641558361362151,0.75142294604934,0.5535152536350864,0.6081182004564418,0.8389929957405334,0.6741036089825999
36,0.811678024939262,0.25223590645847077,0.782528628834595,0.752583547036938,0.9258148867580787,0.6771666434339326,0.6127820333207872,0.6433977474590675,0.7513872033383285,0.554283138409015,0.6142872570615919,0.8387400264139925,0.6732302236526455
37,0.8134161921001756,0.2576346674357723,0.7820308627386183,0.7519518372735693,0.925771421297084,0.6769375564367642,0.6130244434950336,0.6434821276710735,0.7514731509475,0.554148811086779,0.6135651316484523,0.838107982780723,0.6744929997364292
38,0.812942759214098,0.25786335488929896,0.7830224316321909,0.755336813625938,0.9261114081959823,0.676417797137879,0.6138707282019247,0.6448055416471308,0.7540754455456642,0.5549160859886298,0.6168718240642577,0.8384206935293201,0.6749513343755413
39,0.8135579085019649,0.2569552272291736,0.7843777794141994,0.757427701533496,0.9261487275534758,0.6764992493764467,0.6142782564007093,0.6448941965321237,0.7552748142247682,0.5549508812485061,0.6167383565022747,0.838299800475632,0.6753330615171366
40,0.8147868623273498,0.25558995560625036,0.7840942741354071,0.757142397684329,0.9263963942129037,0.6773643961322616,0.6143224603676588,0.6458724245686344,0.7552491002695156,0.5559344633242388,0.6070357068812156,0.8384965573278268,0.6785603326804649
1,0.010632327434044214,0.0,0.029723123263435784,0.005549351124921128,0.12513442368582156,0.19886283312534953,0.22229637252235657,0.10698121389349086,0.00012545877709291677,0.03761434172947107,0.0,0.16873662494012576,0.0
2,0.2594386979069154,0.00702941996363591,0.10746695462951397,0.22269533537108235,0.595488598531434,0.3616157293387724,0.3206891323914176,0.20896505530863957,0.0732139219867912,0.030896984367522314,0.0004670065184437348,0.5736557188410443,0.10598174899330431
3,0.5555878126170669,0.13156219286804838,0.23481318028542328,0.49578059550655246,0.6847559991430844,0.47821277552199487,0.40415503277386927,0.3050911746481367,0.3826334770009407,0.18930848258622995,0.04689416358804364,0.6249353802724454,0.2627947067173099
4,0.6579487368836437,0.21250289574974632,0.34981708744992057,0.5855761892287404,0.775104206701343,0.5162946874033674,0.45700859739440736,0.4381228453407597,0.563275214805767,0.31250650708862304,0.2645750425516718,0.6789796081368642,0.40838585247361714
5,0.6960802826372743,0.22807743098662828,0.4917002205679342,0.6271094316024964,0.8216114354998153,0.5298845496882667,0.4889085074903288,0.5061284554205447,0.607496717440752,0.3832953267925194,0.41934515778735726,0.7239100075635998,0.5103936690533944
6,0.7117723149148686,0.23117170574153156,0.6080796486801487,0.6558273735372111,0.8555317327135971,0.5487553964163272,0.5126937931739928,0.5437899573380925,0.63000684227949,0.42683927997846005,0.500350364814166,0.7524024960343331,0.5673508141924701
7,0.7241880442236702,0.2313556924356514,0.6735832910623919,0.669846440114137,0.8716129606049959,0.5651315328923828,0.5374049265623362,0.5720805711469391,0.6415043883328572,0.45399042933885336,0.5450118859304165,0.7723108892564595,0.6008565621967191
8,0.733623437998344,0.23963429241021822,0.7082587973298419,0.6807916938816775,0.8853717543800911,0.5869426762079681,0.5550261350722862,0.5914088214049525,0.6508422568636328,0.47474024242602053,0.5708379748419801,0.7869457808095451,0.6176727101096849
9,0.7442311997449377,0.2353168387092762,0.7301081433068601,0.6902859016367999,0.8939878175477008,0.593891974599334,0.5663415744801878,0.601576908432332,0.6598858711089008,0.4872698490553827,0.5803450990247202,0.7950329860843793,0.6228411520554675
10,0.7521186827739583,0.2389040915834558,0.7408441470701571,0.6997392466724145,0.9000242006684744,0.6042039559482983,0.5712522817819642,0.6046889643641707,0.6684949515682882,0.4960783849607458,0.5763015682183411,0.8004869735585946,0.6240108812740852
11,0.7591663693883145,0.2449645666073277,0.745196566805117,0.7074923172283681,0.9047742430275852,0.6156916895017861,0.5760064693591702,0.6104132803382358,0.6731391783701474,0.5018509213545739,0.5807991103649449,0.8055726294304305,0.6296451906240262
12,0.7600095402210825,0.2424098573374179,0.7541629523890083,0.7123808228610642,0.907647866656768,0.6207075154530113,0.5800597416793231,0.6107102878604234,0.6766291533216748,0.5086435637286119,0.5994261633201041,0.8093638947250745,0.6339522976407166
13,0.7611166309901956,0.24745836865678567,0.7610530010741527,0.7144598353782519,0.9099581387121608,0.6267792297721047,0.5865582107421737,0.6130659213366205,0.6801767182238513,0.5110125802960469,0.6027376780785204,0.8132199373504921,0.639861649177119
14,0.7605423042506801,0.24656064664066177,0.7693946372092929,0.717308605031953,0.9115247311384584,0.631617965090057,0.5872812822028287,0.6152974767950196,0.6780714478831926,0.5174027359186247,0.599487533026377,0.8154264238424724,0.6417695690574922
15,0.7679021900344863,0.245700234638389,0.7715518225068554,0.7202021881743337,0.9133244862086728,0.6375011692542815,0.592354618508177,0.6154977880861291,0.6822306502044835,0.5226437897350414,0.6114959282995229,0.8190625854273172,0.6488350881512744
16,0.7702469225826152,0.24894975487305368,0.7710836612337075,0.7230331555079045,0.9149112446783753,0.6415912096435946,0.594416222302557,0.6168453174203796,0.6890991791576997,0.5258282301010203,0.6186946030970343,0.8215474044392382,0.6534760636241592
17,0.7727697607145372,0.2504241643461551,0.7736226061526668,0.7249199651873659,0.9164402453732085,0.6450170607591597,0.5949190535126616,0.6195392533955428,0.6973222776573488,0.5301166474735101,0.6325096999183494,0.8224786252937606,0.6528789850663381
18,0.7735359416582124,0.24859455266133795,0.7741587678326005,0.7265046414764541,0.9172885428978094,0.6476005986907518,0.5946526585498276,0.6238947780807954,0.7021431781772817,0.5331127857672011,0.6375441699446878,0.8247023505392741,0.6535945129696011
19,0.77445605520756,0.24629972538250294,0.7731572929107428,0.7271415164251709,0.9178324148593868,0.6499227509146701,0.5962033209625743,0.6262838041172739,0.7050733770015072,0.5364804303732919,0.6313825370963413,0.8268501309523635,0.6590514028150953
20,0.7778182921296979,0.24363465383321015,0.7723148553464125,0.7297418995111986,0.918692472840666,0.6518664578719393,0.5992345683741224,0.6298626831141116,0.7131876701708718,0.5409308074045893,0.6338635781351257,0.8282222289965488,0.6634456694970925
21,0.7814430867677165,0.24171932746316172,0.7727429902031139,0.7324111666772771,0.9195232617438006,0.6549295266229219,0.6015278796523057,0.633444235665466,0.7201693144032274,0.543054418553621,0.6201372225976365,0.8302112454202193,0.6664458879087123
22,0.7826040041092647,0.23794772538777026,0.7725898783178743,0.7334949144231964,0.9201083288336933,0.6572836974199533,0.6043410239672553,0.6353129725059401,0.7244296884744416,0.5439025706790187,0.6205167969115641,0.8323689284389797,0.6687672462822214
23,0.7856519281790666,0.23441917187077976,0.770866740328771,0.73486939421407,0.9205576781231724,0.6583765765989461,0.6063874159320056,0.6362013991154946,0.7311473173979806,0.5443857241512526,0.6239483144256924,0.8338677311899783,0.6705436643440763
24,0.7887665339931531,0.2324284152113318,0.7713138946565619,0.7365101382713056,0.9213828081143107,0.6624148522978245,0.6070311289770423,0.6404072288415341,0.7347426814297612,0.5448937138056484,0.631539654131896,0.8353764509587113,0.670369191802365
25,0.7936687104816544,0.23390577615090347,0.7697804119140826,0.7369964621338414,0.9220562986344868,0.6652147188043361,0.6071593864710598,0.641586950182963,0.737944068076129,0.5456946432574155,0.625956897526658,0.836206994049152,0.6707409350067332
26,0.7975535037219162,0.23542657696962874,0.768935669465388,0.7390896672681586,0.9222958805906829,0.6664083768060349,0.6080257776216001,0.641512077631236,0.7397588241117226,0.5462320090771438,0.6277741490958063,0.83667051896417,0.6724721148127409
27,0.799517143412886,0.23649694588090273,0.7716533255063827,0.7404975933297312,0.9228772475910064,0.6682491164158196,0.6090749465499679,0.6425741723006064,0.7403044806325303,0.5486834671062516,0.627480060211367,0.8372448016205143,0.6712360799235656
28,0.8022858843101671,0.23909540736063406,0.7752458969255952,0.7415747460374711,0.9235127706337525,0.669529648946526,0.6105362281282518,0.642685429929779,0.7412527594830154,0.5497734809210219,0.6272221304663558,0.8380647257919009,0.6718826747785597
29,0.8041236407072906,0.24095960263342245,0.775762068522888,0.7411500061078619,0.9241032925899842,0.6707293988006154,0.6124963906880484,0.6413213107709006,0.7405194352067204,0.5504512003241755,0.6351934615115636,0.8377065684690078,0.6727821076217516
30,0.8058237232309424,0.2412881584584393,0.7773946579842251,0.7412708376649281,0.9239850361016706,0.671088279769556,0.6139950949786882,0.6392523437545805,0.7419843900324914,0.5501036634877099,0.6317760693869505,0.8381429600266166,0.6750011935567035
31,0.8081174811509528,0.24029279895169386,0.7811707003138803,0.7423902420250119,0.9244085225984304,0.6715951843376821,0.613981036399114,0.63723916344269,0.7425038254504408,0.5511518863624898,0.6370301168572062,0.8383674495464049,0.6710745611388235
32,0.8097897910863147,0.24170950196902743,0.7835564287391176,0.7420028336140969,0.9251302602822307,0.6721084528701532,0.615012007836809,0.6362352267074437,0.744415857596323,0.5508766443431643,0.6393932334480394,0.8386430519805387,0.6691515167682205
33,0.8108563993263366,0.24332776096740166,0.7848844264888161,0.7420854544157912,0.9254825429566438,0.6731959046822124,0.616223908629485,0.6350645179839455,0.7463180132197215,0.5522910905956657,0.6336970528272873,0.838934786708361,0.6698537737917444
34,0.8124759049429885,0.24503334947609404,0.7865552177686963,0.7429814935949248,0.9255001258925305,0.6746066174852934,0.6168540220734615,0.6349423383228107,0.7470491118524146,0.5530858908136771,0.632808564231738,0.8393470850198179,0.6712756138179554
35,0.8128596653557751,0.24602183629025445,0.7874780449302897,0.742570093335876,0.9255937854488858,0.6758725210943426,0.6175459219676827,0.6353834201160679,0.7458523750533516,0.5532496711697854,0.6374754313168814,0.8399342403908975,0.6707080050101716
36,0.8147453831101327,0.247017860061254,0.7875465868917143,0.7422272630580412,0.9258049358040111,0.6763739825629184,0.6181021937547647,0.6353030170783509,0.7462268202774339,0.5533775773096309,0.6331103137561712,0.8396196670358999,0.6721452484043088
37,0.8150426904309267,0.2481844990858397,0.7877890146324397,0.742483637222833,0.9260451171982255,0.6770719428035871,0.6187966874003257,0.63570976954852,0.7471882248462014,0.554158371002794,0.6370321282250103,0.8394903145783722,0.6732913674050378
38,0.8137919255750403,0.24666917808411254,0.7888896928720645,0.7419035328278755,0.9263429404906276,0.6771111262172221,0.6198373690987448,0.6370627395411447,0.7485035980548342,0.5539810059917091,0.6373986565844876,0.8401187844038652,0.6727279136519838
39,0.8130146197541136,0.24594142884001818,0.7902820495052033,0.7419199515839768,0.9260566503972721,0.6774326599776298,0.619989188118485,0.6362329675573083,0.7481899505109016,0.5536914694778208,0.6367031070586556,0.8399684481341291,0.6719778922903842
40,0.8132013421754564,0.2458659109519082,0.7910715479283811,0.741996280952687,0.926314809536859,0.6782196929332981,0.6210846793922178,0.6362394082764316,0.7494270958840679,0.554392457420715,0.6399967626841738,0.8396555828644846,0.6723008797482913
41,0.8138273231025597,0.24650354868745264,0.7912693070635649,0.7424432052774997,0.9266733715698389,0.6796122423428282,0.6219411337623858,0.6379674572085985,0.7498225368122693,0.5561175001370567,0.6434120705715517,0.8399969226763248,0.6725347309820034
42,0.8141135352297908,0.2463179249328046,0.7913249879639144,0.7429236202908962,0.9267184723330799,0.6808991950736107,0.6220471830668236,0.6397261952281772,0.74879445445105,0.5570645836555946,0.6419946214579909,0.8400579981694432,0.672645854462781
43,0.8135432865805126,0.2463216052589417,0.7912642340489111,0.7441847300906161,0.926635732551414,0.6818322994426608,0.6224121370935195,0.6404993049812121,0.7492985286338744,0.5579139451568476,0.6418548351356143,0.8404750649904856,0.6711089669729118
44,0.8128840260560235,0.24550185257034882,0.7916237066651665,0.7444902686768651,0.9267089562793148,0.6830019348081859,0.622651864960605,0.6408615252322006,0.7504311248264889,0.558625331529527,0.6378206106552486,0.8405841995828496,0.6700534959487489
45,0.8123524168640054,0.24520738344312787,0.7925293221897893,0.745504812569894,0.926678097709589,0.6835822984574349,0.6223267750213858,0.642161240110714,0.7503431811242207,0.5583934882260937,0.6347633456847583,0.8406049227657268,0.6699026377965454
46,0.8121789476111685,0.24581428249032422,0.7931139545854263,0.7458416631576066,0.9265918843326112,0.6840609318302512,0.6220790912729075,0.6429761166775266,0.749880299339927,0.5589547281043186,0.6276463981766469,0.8407855507941662,0.6707053899692941
47,0.8121002576310905,0.24631184782066004,0.7937214970060195,0.7464369995433998,0.9265170013716777,0.684526671299655,0.6222453922975074,0.6437060004484232,0.7502807805884824,0.5589805242477521,0.6211140817040633,0.8407657585324809,0.6706421715619754
48,0.8118879462353901,0.2466480942917535,0.7940083733781709,0.7468639780286228,0.9265105166627455,0.6847809990296287,0.6223606703967768,0.6439480498113703,0.750217322200392,0.5597659904975121,0.620210672531543,0.8405114730633952,0.6709671739105388
49,0.8113203972984625,0.2466856089230118,0.793988208786845,0.7467832059150842,0.9263569786910922,0.6850601398198304,0.6228622873691078,0.6443577351374182,0.7505010807727961,0.559966666608766,0.6233180685934322,0.8405290458049909,0.6721356306750224
50,0.8111600892872337,0.24668204490039558,0.7940192274527818,0.7465349614338477,0.9263664884364979,0.685162703837112,0.623123331099633,0.6449803150386446,0.7511368188917527,0.5597968127965816,0.6226521863622239,0.8404761396055407,0.6727005219383126
1,0.000782611867017407,0.025534168541013067,0.0035558676055841383,0.008300355508262072,0.20202419055340953,0.03833327994101528,0.25712818082797984,0.0005481987654787937,0.021092343370523892,0.006005208791054043,0.0021519538261539906,0.4016452531469143,0.0775702819780831
2,0.0750798896775919,0.06841527220586666,0.0013036837351643829,0.04834145791976861,0.3740781529217168,0.2254252368213575,0.31168624423264235,0.025574839044132738,0.0918055295129645,0.019942995949712217,0.003236568241796544,0.47137549032405013,0.1353653818435606
3,0.45665142491448013,0.16239399331233736,0.015111294868604089,0.25395872807791203,0.5912819536425936,0.39075562431158917,0.38806611134281427,0.137690961226687,0.37996103898387235,0.1115177633396257,0.034619865039413805,0.5626138619881474,0.25097902885091344
4,0.6201302988682388,0.20312946346822927,0.13310908382030617,0.4985515947589938,0.7565680269842114,0.4728183260874827,0.45330443748437327,0.3061267829160198,0.5373380840261427,0.2372281945723536,0.1281950399074957,0.632709741217102,0.40111142959751556
5,0.6751207819582533,0.21880594503318485,0.33401230478413874,0.5849665906407041,0.8377500182733321,0.5228354886260387,0.49365748334328113,0.4266746658101212,0.6113048881546126,0.34453697344985834,0.26310636955258915,0.6900981364858254,0.5152089282366792
6,0.7034170750823217,0.22133567585967986,0.5049686126975658,0.6284204264620871,0.8666468170997409,0.5463199721491939,0.5213291470320733,0.49789507460703286,0.639479877223845,0.39748497661033183,0.39652534033486553,0.7309051562181687,0.5893490623141519
7,0.7244619817048242,0.22489784815717198,0.6129064001998074,0.6539835931538316,0.8796607705902884,0.5666587920068646,0.54035396867535,0.5328099612836589,0.6524265586126871,0.4333642255225316,0.5112785651080805,0.7546708578937715,0.6224322174638303
8,0.7388878521558249,0.23275323482698662,0.6823278652801321,0.6676549597821658,0.8934500456084223,0.5875646803780495,0.5552630548542965,0.562512059683012,0.6633939487209997,0.45431890344941894,0.5618011871460735,0.7744485379741995,0.63893403255725
9,0.7465339707198839,0.237453034111609,0.7116948144402327,0.6776573221240032,0.9002200544482548,0.5976580837467671,0.5663970917885217,0.5846153347177029,0.670715494881147,0.46560635479217155,0.5800146958511874,0.7870605019510364,0.6428393563711016
10,0.7559778913263482,0.23939652782970097,0.7288141679354228,0.6846891321761522,0.9064735884496754,0.6080708031569493,0.57473107696143,0.5967989036607044,0.6804912490508592,0.4768800809781387,0.5953847521392548,0.7962544505368746,0.6459430403836806
11,0.7618885142874046,0.24364328663276003,0.7415176612731037,0.6914634027897834,0.9097818734874047,0.6174550123694171,0.5802061948977383,0.6087264813532496,0.6894816354297832,0.48374899649022124,0.6008686380068139,0.8042515345633284,0.6421064182198195
12,0.7654712488891442,0.2474628075381798,0.7497957564253855,0.6991039826784939,0.911940756929991,0.6236779011552485,0.5833335874176491,0.618376916119419,0.6965643521799925,0.48700514285654395,0.6106930964621988,0.8088682264828112,0.6423175167255953
13,0.7688963949209218,0.2498407811003405,0.7559148228555591,0.7046814215186092,0.9132789904222238,0.6314701774017546,0.5858382260671762,0.623510724040745,0.7032604794026284,0.49111940798017734,0.6214163102463546,0.812620662380222,0.6421046747104915
14,0.774484608766779,0.25026873765387603,0.7591649797022165,0.7067917599954847,0.9151727245633292,0.6355747588885461,0.5901458953628061,0.628028330149723,0.7062105960685978,0.4974797780176648,0.6367177133683033,0.8164483834743925,0.6431888923707954
15,0.7799866778778349,0.24926498022535631,0.7618892132858913,0.7092255927943669,0.9168304151065053,0.6373575049314533,0.5929651206276627,0.630182826526296,0.7127158201334383,0.5048226894482782,0.6465939492089198,0.8194775654444456,0.643059544617388
16,0.7857129230860856,0.2500328604711534,0.7646366998598061,0.7086107127751373,0.9190113427713125,0.6402817688308307,0.5957499688048653,0.6320258671009296,0.7130037890118656,0.5133038542679864,0.6591107353276697,0.8229433794143035,0.6463139338699189
17,0.7916254487897697,0.25112665956131003,0.7649554220457777,0.7118097416172345,0.9202924062628859,0.644369332132354,0.5996602680637665,0.633441768447239,0.7149251268305734,0.5179201860474594,0.67569334422437,0.825241390944756,0.6413880202472801
18,0.795152532353798,0.2500486095999616,0.7681971000250835,0.7132795064843057,0.9215735076013738,0.6487370943366921,0.6016324773087761,0.6358861250793535,0.7191260642209926,0.5226508564482828,0.6861579637861267,0.826650956597369,0.6405221438343304
19,0.7976896442681796,0.24993389132645913,0.7706017702783939,0.7147217039212946,0.9227773994840541,0.651224200547278,0.6037566467703986,0.6374628972793193,0.7193528664746054,0.5243761348737342,0.7054062476312398,0.8280933200112717,0.6417879508608086
20,0.7995090294252202,0.25220919901585565,0.7723816614832479,0.7151810391897825,0.9235149309436604,0.6547333308325483,0.6049010926773042,0.640404663490298,0.7181260695236638,0.5264139964185938,0.717095818874408,0.8288416602978765,0.6422658095989063
21,0.8008354568925548,0.25471467357006006,0.7773578754853439,0.7158764965541959,0.9240099844683541,0.6553046692598788,0.6056551793714887,0.645485236099002,0.7217769969986286,0.5303270768449494,0.7225778958077866,0.830098337960112,0.6470783176255089
22,0.8042370234023651,0.2572330231679255,0.7823209362808843,0.7174440124980689,0.9248437323375979,0.6575762467270733,0.6077937746373931,0.6505221469215062,0.7239294281150812,0.5394083555234406,0.7296415152057348,0.8303239847373173,0.6509464857507988
23,0.8070375520566766,0.2583002053013204,0.7826431024964251,0.7202448690742896,0.9259011758046651,0.6602536650023938,0.6098259215448161,0.6522978779689274,0.72889748201256,0.5411275871152988,0.733550783806165,0.8316242749304272,0.6509677621936678
24,0.8090181155875837,0.25997401375113227,0.7851505812144637,0.7215415603163333,0.9271668200526089,0.6623176933029787,0.610782146231877,0.6555524610199027,0.7291596777791144,0.5463872097177719,0.7355637196292835,0.8317970319961588,0.6517048717303772
25,0.8072812431137621,0.2594473419767531,0.7868024291883836,0.7241154265090539,0.9279498462267912,0.6653945723748533,0.610630780095556,0.6587744225069595,0.7353862474233527,0.5491122963733484,0.734134338387144,0.8330546662540036,0.6526946219534996
26,0.806589059995706,0.260325979550868,0.7855871708434375,0.7251032768533703,0.928800543851944,0.6673281995513917,0.6104199196773925,0.6606183969067655,0.7374949137040118,0.5525963928568598,0.7306330472103004,0.8331341754987487,0.651736393712581
27,0.8070356329608782,0.2634080460266257,0.7865782628438838,0.7282611306643946,0.9292568411938011,0.6696657682708065,0.6111577948301398,0.6618434997108771,0.7396567355294974,0.5555792651168965,0.7254085349854967,0.8344414691834491,0.6552958683310064
28,0.8065929206729903,0.2667409409384261,0.7876741608571523,0.7303150416833837,0.92984260106438,0.6712650804251906,0.6128833001388986,0.662510765364039,0.7448520199778284,0.55716378852793,0.7252482417416896,0.8351395693811898,0.6560541692923928
29,0.8060981210996665,0.2710698609169124,0.7889964392023772,0.7302932672745842,0.9308706506822566,0.6726015367807756,0.6140311850171553,0.6622214130562727,0.7494780994863315,0.556127086363915,0.7275795187827354,0.836032829127849,0.6579036279615104
30,0.8079117469204657,0.2749490216665263,0.790728217344628,0.7322787136727767,0.9310561056159031,0.6748791363715325,0.6153460217605283,0.6622527366026341,0.7524092065658742,0.5580871746228675,0.7257154833217776,0.8371306267074369,0.6602159638277587
31,0.8081236845008486,0.2788540407897342,0.7911016129362066,0.7342720999506035,0.9310170882622611,0.6751602139581652,0.6157463211429838,0.6628214097054667,0.7532122433664121,0.559625034709607,0.7309136582029654,0.8376700493622632,0.6608503183775091
32,0.8078693712441002,0.28036387342505403,0.7935273860204308,0.7359037777374248,0.9314701536891746,0.6758914933265394,0.616638550903294,0.6627048293819714,0.756947994119104,0.5609105608873253,0.7328711748932595,0.8385236769764993,0.6611132892053143
33,0.806983772944387,0.2822887905480834,0.7932864754048632,0.7362041411067219,0.9314253611912698,0.6767752166039512,0.6172311995494154,0.6619229023718413,0.7580618883462252,0.5603016221612729,0.7330374666826024,0.8387410304625582,0.663036237426973
34,0.8075488659430266,0.28277259994316306,0.7934062124445939,0.7392053780406043,0.9318826516494736,0.6764548804629207,0.6185540841184698,0.6626942200759108,0.7617340038516313,0.5592694325566494,0.7338527257225383,0.8388091893745272,0.6645995684505234
35,0.8079165074073351,0.28408683215477104,0.7945290885301263,0.739270749228015,0.9324031588243499,0.6767762201902804,0.6192908072169183,0.6631956863648167,0.7624040309202815,0.5586845925434245,0.7287181137798346,0.8394297299733001,0.6655875804140263
36,0.8080327085419808,0.28454298424063285,0.7947244073390505,0.7402765019965208,0.9328824571350293,0.6766486395933067,0.6203299858717566,0.6641778540632216,0.7645537781049478,0.5582664180343538,0.7237604290908775,0.8398709471257858,0.6680630719594032
37,0.8093873299165167,0.28664829513286094,0.794511007681856,0.7412621754266109,0.9331556808286073,0.6761422322832317,0.6214069772805302,0.6653682169357157,0.7638739345296229,0.5580353585311082,0.7171368014800156,0.8400735039675093,0.6673039479299272
38,0.8103231721005306,0.2873637016347914,0.7938672265147879,0.7425072053938181,0.9330763398751836,0.6751333412559516,0.6224731379277221,0.664350381811034,0.7642873898417133,0.5580070522588707,0.7125717524305001,0.8401945432619512,0.6689124018521241
39,0.811331090731187,0.28772686407961706,0.7948964637883639,0.7414328037790519,0.9329105791874223,0.6744174615920809,0.6221350120702778,0.6650040470766398,0.766253166027372,0.5567474393995074,0.7101713304362457,0.8402977802274437,0.6685955529955109
40,0.8129990085186067,0.2880764723871581,0.7949341523961796,0.7413845608242257,0.9324896972050003,0.6743433780343999,0.6219830014630934,0.6649519548287114,0.768492653897469,0.5554823178202161,0.7051377274927361,0.840009005368212,0.6696543216963721
41,0.8133348651793701,0.28912767331380257,0.7945639898570073,0.7394808564947548,0.9322469572238599,0.6748288570857282,0.6218946087462845,0.6657826971340591,0.7666884865674128,0.5545474552957359,0.6970409249851458,0.8401655790000184,0.6704954143539055
42,0.8131358244706473,0.28658503661941986,0.7938089546402092,0.7390355625513432,0.932245833839054,0.6756842572341654,0.6220721606140696,0.6664277157906545,0.7657040716283668,0.5551374013615763,0.6974672024377195,0.8402421574189274,0.6712510335054603
43,0.8128956149008455,0.2849231837155468,0.7932218953167812,0.740052890058093,0.9321976092350519,0.6760231593123307,0.6225019502562869,0.6678920885027185,0.7665898629758374,0.5554748109117069,0.6987822214211583,0.840569530842554,0.6716865591695949
44,0.813712495012311,0.2847677373592399,0.7939980706166921,0.7423239798409007,0.9322955105532901,0.6765335588152218,0.622771327772867,0.6687961213416342,0.7687460410632333,0.5556329921339306,0.6976683061275759,0.8410660518607967,0.6726466252318596
45,0.8146575385836858,0.2828961844941563,0.7939279886297836,0.7433792486771885,0.9322884934302742,0.6768398668123694,0.6231255354777359,0.670332191800467,0.7709889215186077,0.5554843452651658,0.699566807003601,0.8409882562433485,0.673812209733675
46,0.8152361660298088,0.28033764031435476,0.7945617999762119,0.7434248921445419,0.9322132734847806,0.6776814927055094,0.6233636103180549,0.6719366260400211,0.7719112339994921,0.5558748521278905,0.6989782749290187,0.840552334868395,0.6749775442942283
47,0.8158423181545459,0.2783473148118614,0.7937563351862164,0.7434392498555518,0.9321462398181474,0.6777712877783824,0.6236384703406694,0.6721977448580114,0.7730038822522274,0.5555573714915473,0.6983834046359507,0.8401659812352399,0.6751366782402379
48,0.8162705720745269,0.27764097065896653,0.7940241676962809,0.7433160754423911,0.9321417433360573,0.678216990054289,0.6238513623334798,0.6735976410497362,0.7736984118653214,0.5560411862854007,0.6992864586579394,0.8401924109171969,0.67497031896751
49,0.8159994524155708,0.2762007986065044,0.7943817173459754,0.743908399021749,0.9321267319164657,0.6783690162126059,0.6239009745824086,0.67437100139823,0.7736907176268134,0.5565348250643399,0.6988468276158103,0.8402179990396572,0.6751025601420003
50,0.8158831291087727,0.27580216592287055,0.7942060607591579,0.7441535189644988,0.9320506868822357,0.6782704682817294,0.6238237379014241,0.6745044810455157,0.7735403441987464,0.5565392700662707,0.6978741429984826,0.840271564072283,0.6745839534521868
1,0.0006660630327613071,0.016308764356943808,0.004560248895188622,0.011478247445729515,0.2159770668883906,0.04450576184126489,0.25555722497085703,0.0001777445987860044,0.03972284901631773,0.011038004837795172,0.0024920958114989684,0.4003681067794679,0.08478008684464104
2,0.09264174426799826,0.03578121318665386,0.0015985624606193554,0.07668415076603431,0.3605381873199918,0.2306688405014784,0.3175642207850566,0.01262069262271313,0.15068862684255108,0.038994574658854836,0.000936749809487378,0.4662594651836478,0.14576511845672704
3,0.495943636001643,0.15869576554673395,0.014070280023754054,0.28864379445102273,0.54954622357291,0.3689743257290906,0.3974909472117817,0.1246873111880918,0.4277700718362544,0.1369083205790447,0.023481191255612807,0.5424663282280429,0.23479819232173998
4,0.635787939152051,0.20911828905302612,0.1209421273424118,0.502331381389105,0.7275949635568321,0.4492174457757827,0.455587161127353,0.29792299262366106,0.5583442318838082,0.2563718406624329,0.129466816647919,0.6144633421881766,0.36602941668566685
5,0.6827817112541364,0.2174019098697587,0.32891262864916093,0.5819117294927442,0.8271629113316115,0.5072499838356737,0.4912454847371802,0.420815848837194,0.6130663796689917,0.34811907649385726,0.2737931308131717,0.6780421775321416,0.4891515097025014
6,0.7095296692061283,0.21549171109408738,0.5030406759866127,0.6284605991944852,0.8580373762770324,0.5341703341679019,0.51725480825015,0.4939622924538031,0.6344691228299731,0.39465520587877423,0.3974817474497805,0.7224926814759154,0.5719699453069045
7,0.7304640745221445,0.22111446860959802,0.6071612938538828,0.6511835710803817,0.8735489800923213,0.5591914811856256,0.5399696846550579,0.5316580029710086,0.6484505310124016,0.42460874191221076,0.5112290867213459,0.7498897587795291,0.6157684863509221
8,0.7399424520729734,0.23149769323993397,0.6746258809195448,0.6682299626782137,0.8899270266109646,0.581895438338789,0.5547938872564274,0.5601861259492843,0.6571448896818369,0.4479732221039392,0.5538553569850517,0.7707410549011132,0.6341157641940256
9,0.7499744327997236,0.23822518101746268,0.7112104078068996,0.6768727376774456,0.8989384654742821,0.5982798817777406,0.569341206082628,0.583167484295312,0.6683225808355665,0.4630224272775047,0.5857556878329834,0.7879078632744747,0.6398250908699799
10,0.7599627162756352,0.23985791118622518,0.7326074461838721,0.6844968513301889,0.9058635150446097,0.6086081839050641,0.5787615789384224,0.5950329666078605,0.6761674429846571,0.4751038312966823,0.5933792207964279,0.7984535808329312,0.639498106348615
11,0.7642287145581409,0.2431950334591453,0.7421573946480291,0.6917251393074682,0.9111203158431395,0.6202558599304189,0.5828171316311682,0.6094993926331663,0.6851444278755735,0.4863779036759375,0.5969665012079018,0.8068334991482571,0.6336883875854441
12,0.7663541281568826,0.24883845050488684,0.7507508312084041,0.6954105896995236,0.9140796853317893,0.6278219636530263,0.5860389985331103,0.62254850131136,0.68827394372872,0.4922486000810884,0.603706364332804,0.8131737331286654,0.6300289297317245
13,0.7684695411115894,0.25244574403211617,0.7552880794582448,0.6980892291802322,0.915655550928577,0.6358254177903827,0.5882850735278152,0.6295905041318196,0.6913911688884058,0.49632130824365145,0.5917308175644338,0.818178192892778,0.6296353938893593
14,0.7739801490082933,0.2545781410987539,0.7596956956543086,0.6997430011584639,0.9166291067259541,0.6399684966408514,0.5941598232283107,0.6346962630709307,0.6916912810951377,0.5013388017564671,0.6045275398023299,0.822116230998777,0.6323161464166837
15,0.7782455591494041,0.2532731641563617,0.7645650777209035,0.7021563085027009,0.9174131968209954,0.64100898513386,0.5967144028347047,0.6360874022898015,0.6947271309816146,0.5060103553407231,0.6099627959129846,0.8251607177397433,0.6346172599707645
16,0.7821867963311931,0.25396264676893804,0.7643520053203958,0.7037281467814197,0.9188463413791537,0.6444342538043069,0.5991059334346421,0.6386395352662362,0.6962211155882637,0.512787951770874,0.6319231457561173,0.8270363577578561,0.6371390005216226
17,0.7874158300474298,0.25739189610589386,0.7657875025170864,0.7054501960455692,0.9193164500855087,0.6479635332162861,0.6020198208916422,0.6389678730570689,0.7043468745494829,0.5175305064481968,0.6390830963127918,0.8288332509777402,0.6370453248148427
18,0.7911147525417547,0.25721948685707946,0.7677000822560962,0.7077530355586011,0.9205778077506683,0.6514282188833056,0.6044684268964892,0.6417906225784025,0.7119171796732685,0.5208191937487052,0.6423869922333352,0.8299985939531052,0.6342667075151331
19,0.7919803209692529,0.25909840636977444,0.7727926206309813,0.709597079621521,0.9208266259465039,0.654812938114168,0.6049439494107502,0.6445332658538578,0.7137565498926095,0.5245233634120572,0.644626838091185,0.8311267314260391,0.6310414694685547
20,0.7929473051586983,0.2600956784116092,0.7753964816419004,0.713169751628695,0.9217790447136013,0.6594703403787788,0.6059530345480159,0.647130457251134,0.7135555648584442,0.5295137570421744,0.6517431233716561,0.8324842789081184,0.6315770581393868
21,0.7918860494691918,0.25998118014683036,0.7798370924835418,0.7147024959275975,0.9226262441231007,0.6620415753470147,0.6083179403508795,0.6483705972715772,0.7172563440600214,0.5343702350768871,0.6542695725961324,0.8327924373084582,0.6382757303336567
22,0.7932195729185726,0.2620012202342922,0.7839339991315675,0.7168708958302059,0.9236564984974489,0.6648843182689603,0.6095009678077657,0.6496273298126167,0.7167742606668556,0.5400529035459803,0.6751037795985634,0.8331245637194655,0.641487893001815
23,0.7941202172178617,0.2633096492276585,0.786074262691953,0.719419728319511,0.9246949204652958,0.6670548003312541,0.6116128384512425,0.6530759645440503,0.7221689664997761,0.5406105973154773,0.6899227327032244,0.8334260942832011,0.6423149019949983
24,0.7939850615854326,0.2654849447849674,0.7862868272300071,0.7221130007721959,0.9254532156243526,0.6698942006541817,0.6120558487237826,0.6585442172334801,0.7230533966041841,0.5422494708095243,0.7014786630581176,0.8337605562756517,0.645551910500041
25,0.790674459853535,0.26656632343862124,0.7874349808285425,0.7230678277061039,0.9266094461084036,0.6720493689277905,0.612400332933931,0.6626397834241631,0.7208016123802318,0.543337251873242,0.7105698562045092,0.8344200574598528,0.6480619263370159
26,0.789869906353785,0.26950544296551426,0.788462860909188,0.7257212485342983,0.9277209621120198,0.6744031354056668,0.6119968689142177,0.6659626036548406,0.7204492483363905,0.5461860804750218,0.7087056406239579,0.8347934578581372,0.6497527949469225
27,0.790327630724888,0.27472356239786366,0.7885356709927352,0.7270786353892034,0.9284110533175481,0.6760824385615478,0.6133342863252,0.6679538472659662,0.7224271617139859,0.5504598012630897,0.6967170186765601,0.8344215626694907,0.6517384510766078
28,0.7898502595729434,0.2785265295502077,0.7888454900246851,0.7288032883063248,0.92990119887913,0.6773642864345952,0.6160405977347142,0.6696174180918276,0.7240834972581626,0.5513724568817606,0.7011153927612473,0.8347961018562254,0.6521035125646569
29,0.7902064171941029,0.28128717278105575,0.7912906691872097,0.7313048296186141,0.9318419069112018,0.6777856496157728,0.6166726261392408,0.672055792081835,0.7246839142597133,0.5518957158706466,0.7040323754786564,0.8352426420065726,0.65388718770579
30,0.7925513218949476,0.28398245785859644,0.7947081566317072,0.7328407432954746,0.9329941490673647,0.6788703725100768,0.6174807174447836,0.6729343777786075,0.7275785091942355,0.5524920905696207,0.714253728190613,0.8356793240595757,0.6552870630677479
31,0.7948478991209904,0.2850061799470796,0.7938755905778969,0.7316244512110677,0.9338073410729834,0.6779961294612721,0.6170780753898731,0.6742491557825551,0.7302393667238591,0.5527456037109217,0.7084393066802536,0.835970510612416,0.6571841935689305
32,0.796166793994473,0.28344504700034306,0.7950247067174814,0.7335531744111714,0.934599763574548,0.6790104829775625,0.6180998923852369,0.6738485817037704,0.734087359412768,0.5523617359456902,0.7063465236256034,0.8371192570094362,0.6598138319134605
33,0.7954553872055884,0.28636965635362416,0.795856274856091,0.7352518231208777,0.9347946380293859,0.6802415439671882,0.618812523068522,0.6730147279980697,0.7376639634316584,0.5523423877903069,0.7004933012482498,0.8377636473062804,0.6613376419577843
34,0.7967579684455274,0.28633760942575565,0.7965266320654136,0.7357323904423093,0.9355428835271223,0.6791848970697886,0.6195707124498926,0.6726412955198529,0.7391202535783508,0.5514400583762085,0.6983460554486685,0.8376891667022245,0.6620931758598276
35,0.797389142850446,0.28636543934287745,0.7979912992447439,0.7355571533060797,0.9356487767168103,0.6803261308117059,0.6193204428098023,0.6737241877637044,0.7402059262112531,0.5512553872028592,0.6994623180533976,0.8381267670407191,0.6614894190735988
36,0.7975253852026319,0.2847787283311356,0.7984458449134637,0.7346070435080589,0.9359940083851472,0.6801191519493532,0.6199786762229355,0.6744484324456508,0.7427761823148253,0.5507712609108854,0.6966710360523706,0.8385558597558794,0.6621470977691547
37,0.7979598471859083,0.28470346316845135,0.7983981325390377,0.7358116025411245,0.9359792163076939,0.6805959701583201,0.6202122055835654,0.6756393556322797,0.743405507354925,0.5507563075418318,0.6918842025531601,0.8392404536256706,0.6623044605745714
38,0.7976350378452833,0.2818552347925314,0.7973380093235722,0.7351282144534191,0.9358312578297683,0.6820602059695497,0.6209204834897543,0.6770154384584322,0.7435015863466233,0.5506894271422464,0.6927397560127674,0.8400382056963492,0.6634688529404364
39,0.7981990317421375,0.2799121249941274,0.7978093546477205,0.7337757649205989,0.9356734628456739,0.682665355292772,0.6208767778710662,0.6785335906939632,0.7459165708059639,0.5494778212475386,0.696023197415474,0.8405514468497561,0.6644345571811732
40,0.7993343572882621,0.27862480109092186,0.7979333688318258,0.7331342549774627,0.9353341329719551,0.6833606439377647,0.6208666030092949,0.678967666981318,0.7466570612372371,0.5496985788408932,0.6867316842748021,0.840705095354219,0.6655760386543047
41,0.8004659107884761,0.27607687539775827,0.7972153152860112,0.7322718075994851,0.9349500497917083,0.6838426850242303,0.6212015337438689,0.6803865989119329,0.7486944793026311,0.5498774733641113,0.6868791241188151,0.8405864632100208,0.6664867278054567
42,0.8018595101595826,0.27554561232067354,0.794279116891685,0.730570934520927,0.934755601747549,0.6840526576680325,0.6206741911992004,0.6809790321414052,0.749924951870881,0.5494767199831009,0.6853968042571302,0.8404518620585744,0.6666451538669834
43,0.8019464222504628,0.2756431823311713,0.7932495614244697,0.7305414454998382,0.9345290513825343,0.6847906963709155,0.6212990564581666,0.6814707958498523,0.7500872130272989,0.5496038203159482,0.6790492312927721,0.840646828818939,0.66812668265226
44,0.8026072273698354,0.2752223786533636,0.7935228845693324,0.7301131939942107,0.9344907378512567,0.6848608709455835,0.6210085821630366,0.6832357293372555,0.7510326423915411,0.5493855977202733,0.6758968364141156,0.8407205562169139,0.6686687550788909
45,0.8034562509214213,0.27442423641775354,0.7941234591236846,0.7305773512663589,0.9344465715450891,0.6851025078438713,0.6212074200265407,0.6844768639151417,0.7516504773488831,0.5494255625230379,0.6794701892384861,0.8406712790372389,0.6694787778776801
46,0.8041221064179125,0.2733453969000553,0.7945873280365782,0.7304345247174064,0.9343191482636803,0.6854757169769283,0.6208722818365613,0.685332307684623,0.7522520206810304,0.549364083297225,0.6725550595577015,0.8402977825263408,0.6696289963757487
47,0.8044756655079968,0.2726799103992684,0.7942412151629297,0.7308475886441614,0.9342145157696436,0.685950302421593,0.6209880233229494,0.6859828034393122,0.7534119591476387,0.5491361012455495,0.6737709592791149,0.8400505844184124,0.6685742914718303
48,0.804458021173201,0.272190950123303,0.7941227903603548,0.7306316346148215,0.934125320371876,0.6863294795671315,0.6212342287500858,0.686262484010883,0.7532877647301325,0.5492743250669172,0.673974219705588,0.839825662904625,0.667597452185081
49,0.8047270112366519,0.2719289709456755,0.7942644073467575,0.7314968674597476,0.9340942513377106,0.6865865080590662,0.6215077231663572,0.687145703041467,0.7541658544808948,0.5491745723297545,0.6747287548446843,0.8399002741099052,0.6678388425600321
50,0.804821811062543,0.2716758402208732,0.7947527878460791,0.7315239946795491,0.9340311209722691,0.6867844109265289,0.6213752619142446,0.6874838282109452,0.7541080402870661,0.5492222071675961,0.6739984479927515,0.8395730825247805,0.6662127626787844
1,0.001766440051663505,0.043016750446734246,0.006711234124896433,0.02577261362207532,0.263721268473447,0.045182471444156075,0.25738446827690065,0.00040871769145037326,0.03658717765071016,0.016182693166698407,0.004245964208277162,0.40472099416465246,0.08304348607886337
2,0.17977356073742345,0.08196330045450863,0.006636500436376239,0.1452911059730234,0.40209541998495835,0.25609436837749283,0.3284479387673816,0.03897483948294497,0.21957480152759629,0.0678419270828683,0.005994694007102604,0.4898244760211135,0.14563162240530098
3,0.5260200951451819,0.1815882831736996,0.050969159114869725,0.37113806699670004,0.6098773492532236,0.39486452648081777,0.40853037703104694,0.1770693052856991,0.4730734666491894,0.18568566348839974,0.04247997866788108,0.567482407642774,0.26326299178403806
4,0.6436827494120598,0.21003241497829986,0.19445678763242794,0.5296750633474423,0.7609923980708112,0.4583456696774938,0.4620716495437529,0.31800003719325204,0.5624763906308261,0.29928400921210185,0.1755991804805364,0.6277422186029332,0.3856276914213019
5,0.6859155264244954,0.2209418990485333,0.3732034996158635,0.595116819951907,0.8372707851954051,0.5166428889457859,0.49460167359422286,0.4350226342328141,0.6113282885053447,0.36759207292597457,0.326308435106964,0.6814964430491605,0.4875772842329856
6,0.710876339210273,0.22223218473764045,0.5275537579718047,0.6322560810745896,0.8628140515848075,0.5408588074170203,0.5182311791375531,0.49498788137316535,0.6351291358274695,0.4121173413079541,0.4412081616871505,0.7238320030652534,0.5653812849336061
7,0.7310225708982367,0.2261378384918278,0.6238163826984654,0.6539327746282854,0.8747286946833863,0.5636004152486094,0.539212566241197,0.5305023380796468,0.6487622761270087,0.4359164586443533,0.5171560930739239,0.7494473267522596,0.6124949593182947
8,0.7425219351682719,0.23289635070255532,0.6860097241085226,0.6684661508097873,0.8886461375835394,0.5851158188188375,0.5516863794974846,0.5568616370433522,0.6601491128138895,0.4576356104412254,0.5559213829905624,0.7699704254686265,0.6292212196594605
9,0.7504601822573894,0.23529705411628027,0.7186231531092709,0.6788797887879302,0.8953636783613015,0.5983000689423078,0.5619922877710379,0.5819917763462469,0.6667579039504192,0.4697261359192997,0.5664398593243528,0.784460172522514,0.6329240724765803
10,0.7614379521619458,0.23393762568471296,0.7330467897812774,0.6880771096789907,0.902868710632228,0.6082243297448787,0.5698105501908081,0.5946624906462354,0.6777327120264036,0.4821818126376677,0.5691243592264998,0.7940220800115412,0.632258347513602
11,0.7662626598881747,0.2364291241271502,0.7441996970819791,0.6955442032070385,0.909848950738327,0.6193691408307134,0.5753380366810348,0.6063601121702863,0.6865818296941906,0.4931982863489713,0.578835746207871,0.8029254328627264,0.6308777937337084
12,0.7689626872213552,0.24144707788018174,0.75329447227454,0.6992010200510339,0.9141013018967578,0.6262518313255734,0.5806560681780351,0.6183294672723013,0.6925561703842185,0.49673933307857066,0.5853977416785542,0.8099421008807215,0.6333889671061053
13,0.7701672624863972,0.24225966185117534,0.7599348559543784,0.7034487206200911,0.9166815228951818,0.6342271198514801,0.5847837832718311,0.6260700034949344,0.6976904110926062,0.5013390307175447,0.5964791600669774,0.814266522077682,0.6351455157892875
14,0.7747062281905243,0.24555005777809782,0.7660533213669729,0.7069338057151093,0.9195410304180524,0.6364673259025833,0.5890918598945081,0.6331172207064862,0.701657220427657,0.5064677183727754,0.6026038155281427,0.8181210927013335,0.6384091646099763
15,0.780483879818937,0.24455904307154241,0.772849875752963,0.711839919064421,0.9211532736906237,0.6375813771391524,0.5913622359716576,0.635966562942613,0.705827023198617,0.5128130841340336,0.6126818874700249,0.8214273643838851,0.6402685793077247
16,0.782951881771345,0.2454763929517601,0.7750045969838577,0.7117897457776288,0.9223385415737025,0.6401853188995473,0.5949236570099873,0.6380860154702945,0.7091504781367705,0.5204196711983615,0.62641284237836,0.8236870851182971,0.6414718090646648
17,0.7869018773769766,0.24669877000174154,0.7740690338390949,0.7139075035893481,0.9227475535684259,0.644014006510906,0.59885995127183,0.6412794033275961,0.7129875913680952,0.5246689471992276,0.6383596514576868,0.8255391055640291,0.6405940573911575
18,0.7893214459623953,0.24554243972334,0.7756550398242241,0.7148719196936508,0.9233271277405461,0.6487374725359413,0.6013496304783489,0.645385617619298,0.7188245962097272,0.5288687220769285,0.6468661344816613,0.8269975425822902,0.6393724823080421
19,0.7907969931598193,0.2441172253510325,0.7770602927122142,0.7158640927941725,0.9243200595380382,0.6517288244503253,0.6027006129983278,0.6480062984370648,0.7188451443305908,0.5287218738106806,0.6538249629736711,0.8289841479650913,0.6393871794958198
20,0.7899738174907249,0.24678439330136195,0.7771112971629556,0.7167665663252368,0.9253114939678319,0.6570231114266812,0.6020757918670926,0.6518292376401082,0.714417724379261,0.5304409794191703,0.6541331907930977,0.8302522731477616,0.6425847898416264
21,0.7907750067042102,0.24788808916575897,0.7792190665786807,0.7186025715036255,0.9257547642118863,0.6595852534868775,0.6038072440876825,0.6569523826326565,0.7191458517518903,0.5345766893530317,0.6553975437203954,0.8306836455891735,0.6476432578872339
22,0.793235917271747,0.24843784586745893,0.7839063939561453,0.7182226673873052,0.9267561929713819,0.660947901195815,0.6036046976317542,0.661021785858404,0.7133522356559958,0.5392833653100468,0.6517841563426976,0.8311261878434701,0.6534294485612882
23,0.7931322864092745,0.24580155845282617,0.7837612179638942,0.7196526157244226,0.9276038868888035,0.6642818378339788,0.6038970193475353,0.661458561273265,0.7157416365963437,0.5396290825135462,0.6625586655396009,0.8322263693084107,0.6544524766974268
24,0.7933432746146416,0.24683679975123118,0.7850350903798439,0.7204896109253011,0.9278230695323995,0.6669567578084952,0.6037852171861806,0.662437325726121,0.7140432383985741,0.5432557175988104,0.668486807618382,0.8325026861281816,0.654319115547914
25,0.7909229528792946,0.24777993904783896,0.7871194098531448,0.7220449649946279,0.9285783932382071,0.6701545162733292,0.6043304319250076,0.662105940485094,0.7162077900518866,0.5455970607435018,0.6713991295269345,0.8332344412564233,0.655560600358392
26,0.7922494202866963,0.24873381042362372,0.7865160916932901,0.7237080148601212,0.9290759060451594,0.6714319801032884,0.6050138217527281,0.6650640529549992,0.7170346738992935,0.5476243790908157,0.6736808234198205,0.8338329055626357,0.6580337650619591
27,0.793940952853237,0.2501147858492196,0.787660138262291,0.7273661684937177,0.9296106704179855,0.6730581598463997,0.6066335472055425,0.6687104383993479,0.7201231806885853,0.5501973259955474,0.6756814160249784,0.834389050492056,0.6612081482174774
28,0.7950818910392738,0.2532257831360134,0.7895583965555748,0.7288803541823164,0.9310322707364337,0.674787213813164,0.6092759132111173,0.6740368447985964,0.7198542055817517,0.5516030950312333,0.6824833564050107,0.8353165290635673,0.6619738030823628
29,0.7954010650245628,0.25827779181159277,0.7921321786357631,0.7302279319348847,0.9320467489263602,0.6761234798369672,0.6101190007489156,0.6749667466703855,0.7219037439917759,0.5510244864597014,0.6839257049276021,0.8364692722219267,0.6630716065648501
30,0.7981636842708543,0.2639436743331074,0.7939628300732134,0.7304665002107512,0.9325631689450726,0.6772071740000294,0.6098764792933898,0.6762913332655195,0.7272951155127183,0.5516405360041824,0.6692391823203261,0.8371363295978418,0.6631953850673727
31,0.799563365371589,0.26653107783413826,0.7932246408555218,0.7274436941132452,0.932557515246675,0.6775739707797895,0.6095899543756528,0.6774817630622988,0.7341603950354654,0.5521934364887756,0.672356578849499,0.8380965932116516,0.6637011108090263
32,0.7994349155377797,0.2672827991634164,0.7922699283074957,0.7291360931542431,0.9325820314165182,0.6787128922864913,0.6110276365812166,0.6779533347845194,0.7418930839985935,0.55361282153116,0.6705462883407273,0.8386325021195608,0.6640754223103509
33,0.7992384639803596,0.26825009804426453,0.7939067132267956,0.7285460098804089,0.9320852900823469,0.6789003401817286,0.6114549835633314,0.6786229639129101,0.7453801700031414,0.5535046923559089,0.6699896219883958,0.8387052748379084,0.6650360576339618
34,0.8004462926297926,0.26820479979760364,0.7935890624673971,0.728511009332233,0.9327659619286739,0.677983850637402,0.6120452228916754,0.6810978795170811,0.7481932447483358,0.5526936762785231,0.666306507764386,0.8390367938778318,0.6674798973249108
35,0.800869499055667,0.26861917105666583,0.7958518477320943,0.7292206347624498,0.933108723750717,0.6784554816831878,0.6136090833013012,0.6833915269874873,0.7504335806143749,0.552342758491261,0.6712227883096885,0.8398151364566012,0.6670165737893344
36,0.8013579193678537,0.2687840085708647,0.796725390109796,0.7260770610650987,0.9335845623813246,0.6784574637432139,0.6147978360039511,0.6844207552652608,0.7522451490301231,0.5516874937771947,0.6728602988399764,0.8403109323458142,0.6685342605334348
37,0.8016477263697381,0.2704990429838692,0.7977923049208184,0.728454966559431,0.9338644878186191,0.6788279029951336,0.6166105771178472,0.6865272123053394,0.7520844764276369,0.5528417316991796,0.6747171731741103,0.8405045542693109,0.6675542002797311
38,0.8020987006320753,0.27291334794245836,0.797975398563943,0.7277577556214161,0.9338631366400131,0.6796269673137291,0.6167871524792503,0.6868217785216442,0.7518653080102363,0.5530742541393358,0.6614003016441536,0.8408982905979215,0.668942309847623
39,0.8026623555144755,0.2722558065542475,0.7976900494644701,0.7274862250910579,0.9338170522546722,0.6804012275179963,0.6175120956459491,0.6891416712705928,0.7540240296325611,0.5531222558106261,0.6375783106353005,0.8412081146127188,0.6710688763836972
40,0.803302696171843,0.2721711454279522,0.7990113404747838,0.7278231175727986,0.933761889600989,0.6807565164012923,0.6189850328893586,0.689918838721684,0.7546512094623357,0.5527246380418294,0.6303829584946633,0.8417476459645814,0.6732410549062715
41,0.8039456015874933,0.27240525043872327,0.798990256608297,0.7268502971723114,0.9336972972841621,0.6808233235774508,0.6189050881503496,0.6915073511753433,0.7558388620337345,0.5522377881983448,0.6200023710862963,0.8419443011082348,0.6747369244049025
42,0.8049426983318041,0.27257335806344224,0.7980038382767395,0.72605886479886,0.933687144891714,0.680947259986821,0.618782965119209,0.6923532878952655,0.7566318457379373,0.552766489050904,0.6148639626817122,0.8416868285144293,0.6748770009032664
43,0.8049552695887682,0.2725384090408353,0.7979553664091755,0.7256456475165988,0.933735050527183,0.6814295594867,0.6194267220428769,0.6928660594956616,0.7561066101589438,0.5533811223119792,0.6165969742362822,0.8418966333486535,0.6759999054359447
44,0.805252455928361,0.2717644424783164,0.7990475565038961,0.7258619775208295,0.9337855172349546,0.6820812858031629,0.6196683876050798,0.6951848159655851,0.7580793022612042,0.5543218856054546,0.6133629740459573,0.8421784561767564,0.6766818330709401
45,0.805598081253498,0.27082426668987725,0.7994713706672639,0.7267609750903411,0.9339003522931463,0.6820833420566746,0.6200491778364641,0.695871583119684,0.7587404169210457,0.5550141074149045,0.6135520348250063,0.8422519194232574,0.677758713914383
46,0.8059273830165691,0.269832332194726,0.7993257286805815,0.7284708268039404,0.9339452349064185,0.6828299881671117,0.6207895532306464,0.6963711267329721,0.7609561096360599,0.5552933270695799,0.6127849821693084,0.8421886194559564,0.6787214040038804
47,0.8064574553324075,0.2682515345912646,0.7986915856684365,0.7273810110934229,0.9338217480630469,0.6831876747272317,0.6204969524383434,0.6971492843474614,0.7620944807414965,0.5552645757945689,0.6123207564111518,0.8418668172149341,0.6781448274962665
48,0.8061015788672885,0.26762358039052025,0.7988881173457889,0.7263390309906502,0.9337999315652327,0.6829579965873327,0.6205908495745022,0.6978001471188665,0.7610948505536758,0.5558030381825647,0.6155512497356493,0.8420068744991916,0.677873565444875
49,0.806026162943726,0.267798335162906,0.7992269663404898,0.7257876989754773,0.933806327114502,0.6832412956270639,0.6206682488940074,0.6983723947736673,0.7605404068302245,0.5562737734175691,0.6128212925802348,0.8423271141168196,0.6781625779171456
50,0.8061472660385438,0.26701514911105906,0.7995456851658459,0.7253892652924712,0.933848816941874,0.6832246493210918,0.6204921072896344,0.6987482765824107,0.7603730761799818,0.5561815602886542,0.6133713904924789,0.8421291705494711,0.6776506258714159
1,0.0010980990411305952,0.04004110010112102,0.0008035422788116226,0.1447852466793386,0.10527932238691905,0.09839694306067387,0.25164993728177126,0.01581101614053324,0.07885848045185855,0.015565021315647444,0.0025488323592300285,0.3640377182671179,0.06844266261114089
2,0.21310039992032156,0.023031177422760223,0.0,0.4000593954482145,0.3567338923837814,0.34976298582075177,0.35881769468772196,0.16236863739418939,0.3174099261338086,0.051446732731436205,0.002501057849241371,0.4457859812785459,0.16543131315841786
3,0.5238105614484899,0.0706464935328872,0.0001458169926186027,0.5134862090050597,0.5516620548721413,0.42626159694033605,0.4191641587627248,0.25223877425442387,0.48439696925016984,0.12530303127629644,0.03670342748573517,0.5143614278975658,0.24285092065420483
4,0.6289682466244226,0.15399661902753034,0.017029078285352817,0.5775765772178328,0.7251432835882752,0.48693296889140636,0.46342089524072055,0.36455698563369476,0.5634613567667726,0.2341254961954185,0.19962863246656132,0.5897974862427029,0.35273531044389805
5,0.6820891308276111,0.20385789137563937,0.1097024348337475,0.6169417939031294,0.820081109728559,0.5336583458387576,0.49456874483541446,0.4754202041314175,0.60438291863598,0.3267840717479787,0.35100480493617486,0.6546418227581084,0.47120985166150975
6,0.7115313907057402,0.21554423379845403,0.3136590077267182,0.6422882696715064,0.8632190890200427,0.560833678661197,0.5179383115168211,0.5367559696999891,0.6253904257040106,0.3922169259545537,0.46153802933231824,0.7022272362677275,0.5451265399671659
7,0.7317275044140322,0.2175539502560351,0.4961937062684544,0.6592508320781582,0.8812880993141947,0.5781150768487393,0.5369027701260025,0.5757283473999923,0.6400368523887309,0.43242324751653144,0.5102533847914499,0.7403033528626609,0.590089660164108
8,0.7428271243759049,0.2199517465645652,0.6330625893234058,0.6697020354363884,0.891512347194188,0.5958635713303793,0.5490167207313867,0.5975238094464611,0.6512244654750248,0.456898633248337,0.5398987040031059,0.7658802587560193,0.6093989922926231
9,0.7479703959767778,0.2228973677350367,0.6989924787924476,0.6798930041502147,0.8978258637547856,0.6043577464474958,0.5596829365548547,0.6098946268298594,0.656114230264737,0.4769636860709937,0.5549480212255705,0.7812876688387633,0.6251587363515932
10,0.7501026046757382,0.22693304149549098,0.7390767604260511,0.6884021241044249,0.9018891021462092,0.6116514836527623,0.5662510307779818,0.6200247496005222,0.654890927525849,0.4883669744054485,0.5688125977649555,0.7916455199642579,0.6348064180321084
11,0.7483589476069185,0.22870603101128775,0.7514792081250884,0.6943545004515925,0.9040837553318904,0.6180271216996555,0.5735990854650486,0.6281743045839479,0.650834923281848,0.5011358297472491,0.5728347358031726,0.8003434730785518,0.6362558434277813
12,0.7510272735019716,0.23174942024116663,0.7598215498339845,0.6976920838337103,0.9073789523814227,0.6238493991965987,0.5789273422498542,0.6336671366386127,0.6527822204612552,0.5097132508123312,0.5743674724651312,0.8081355077865097,0.6305943541856441
13,0.7574331323601802,0.2310298047545563,0.763904565158315,0.7031095641110612,0.9090493539513125,0.6302820596149155,0.5810124065829237,0.6392720474881767,0.6545204676272544,0.5182944552460429,0.5779918740724521,0.8140875071747392,0.6321837788205256
14,0.7628798651709064,0.23138820207790706,0.7664904209803202,0.7101345471189944,0.9114351708153291,0.6352574612311176,0.5843432418349854,0.6453598066622581,0.655880503371956,0.5237877611570444,0.5918588954178523,0.8177256854835528,0.633912764393461
15,0.7681670090112446,0.23003525460856125,0.7642541428024355,0.7154269387394188,0.9134402916092826,0.6413151274930738,0.5867692580559727,0.6492718737180173,0.6599346581412111,0.5268745783669124,0.5986781088954726,0.8215394778279814,0.6344304710054142
16,0.7704912308590693,0.23106978776495526,0.764804331073522,0.7207965964350029,0.9157095518347442,0.6494394500097411,0.590826558568643,0.6512437487405153,0.666279817009317,0.5295107203898308,0.6045191395917553,0.8245969074893177,0.6379821169968246
17,0.7717154076152156,0.22889953963312992,0.7646106201485967,0.7242171378934116,0.9172846434215619,0.6543393598051936,0.5938030557715707,0.6503914510134993,0.6721182727347719,0.5323357732056272,0.6208087935880501,0.8269762557794853,0.6382759734077342
18,0.7751396447361896,0.22297384707975618,0.7628086075693775,0.7275539856408305,0.91959745035051,0.6585786063738536,0.5990702298427936,0.6510558348385599,0.6789650614267209,0.5378056558078937,0.6364200580265458,0.8291288296026182,0.6392487896316742
19,0.7817022243116536,0.22447742244139404,0.7602484085732795,0.7292857273383827,0.9207341761233526,0.6610353898099546,0.6017251054637761,0.6520952704524487,0.6865981952490897,0.5402534939983661,0.6427694017242618,0.8304251251438011,0.6405292707457989
20,0.788455882249133,0.2244265703564417,0.7636627981767709,0.730693790763791,0.921492128943561,0.6624437418373097,0.6045288275809754,0.6531111076114087,0.6931932010497658,0.5432756260265996,0.674258566905247,0.831379309325417,0.6393401251322149
21,0.7940781511315834,0.2235378388488912,0.7662994476223184,0.7314095734362362,0.922445002121852,0.6644909014197176,0.6064034567728336,0.6590664013293009,0.696920644131302,0.5446383089950995,0.6846472488706521,0.8332104392826818,0.6397624032737117
22,0.7964310521929754,0.2257897198642159,0.7671509665920901,0.7329616512573086,0.923711948703724,0.6657858876329505,0.6089697569035122,0.6653208617321217,0.7021113048811815,0.5451776982651348,0.6981297696725302,0.8353740289126536,0.6430975412365121
23,0.7968458214955368,0.22769227933722838,0.7673181824420123,0.7352368737634345,0.9246081707748689,0.6652299886629037,0.6108331965677218,0.6683738131781246,0.7062859605849493,0.5471193964724893,0.7060976120059771,0.8361502101649209,0.6447480259034886
24,0.7982716891794803,0.22801432331179686,0.7707996436457907,0.7378966760922782,0.9255165199648581,0.6655738949757692,0.6123342577541682,0.6718791687788479,0.7101944545889818,0.5467853010570712,0.7097399246224723,0.8374908373466945,0.646786816541585
25,0.7985153580079314,0.22682527047142667,0.7720856794505259,0.740463439312253,0.9264542967510572,0.6666876696552827,0.612821655074745,0.6748078387635096,0.7126175169237141,0.5458212386493579,0.7116017654948269,0.8377702119728688,0.6498270898266795
26,0.7996986872225222,0.2264881736864761,0.7734795424143669,0.7426079674712052,0.9273454796645216,0.6674779336769938,0.6148240589694717,0.6782918725656213,0.7173119046693607,0.5439668560422002,0.7171787986252042,0.8380882089449034,0.6523388438010987
27,0.8014078821758092,0.22780631664528647,0.7749123435919082,0.7437801832671184,0.927778671150951,0.6700741231886188,0.6166779767331309,0.6826671873033764,0.7219566517882321,0.5426528024911508,0.727169850715106,0.8387524418808325,0.652581330845811
28,0.8048976141287246,0.2295403936590987,0.7772333211705077,0.7454051065406233,0.9285697073164105,0.6723895885168675,0.6196543066857169,0.6844427142525257,0.7241905280186258,0.5427693843985467,0.733608552622322,0.8389593288220781,0.6531676583769942
29,0.8089478295687742,0.23220515569123334,0.7773150801526064,0.7469727518163489,0.9289658300630782,0.6751946823953416,0.621466605115748,0.6855145339103622,0.7280930189594723,0.542293455113056,0.7278393137698532,0.8397178223728291,0.65543090172633
30,0.812298213607948,0.23291996768107828,0.7774535360539675,0.7467659225076287,0.9291993613385939,0.6774156934252121,0.623395927012342,0.6871179635173369,0.732170427061591,0.5428129871196663,0.7311586712063204,0.840504450341498,0.6574453028006684
31,0.812960925924002,0.23258939256608557,0.7786319557839786,0.7485492703615585,0.9295148297910516,0.6791791618508805,0.624299759417434,0.6884332704797821,0.7360637265121681,0.5430891029956388,0.7264012177809704,0.8408967878711463,0.6590487072786883
32,0.812694601059224,0.23344563886666783,0.7802638418469251,0.7506087206677348,0.9300404613806159,0.6782075086006829,0.6250292096411224,0.6882880389776747,0.7377974093628498,0.5441150090308174,0.7216898500111427,0.8407950987119154,0.6606155753807558
33,0.8114650182470173,0.2328084894082545,0.7792024615793384,0.7503100335509176,0.9304009606428794,0.6766849984323187,0.6254030560153261,0.6867855625043044,0.7377183172401204,0.5438488422986285,0.7245621565329975,0.8406838301702656,0.6611474780576412
34,0.8116118786018139,0.23129393114006286,0.7790331295657413,0.751934904066655,0.9308567509000741,0.6772401419392884,0.6259213762904917,0.6860899167160779,0.7393606405666345,0.5449965453645791,0.7214970100189608,0.8409711953058241,0.6636708505987005
35,0.8130669662179768,0.23011234822912993,0.7777773606700942,0.7530701900356109,0.9306951802281516,0.677114134296387,0.625129599808776,0.6852611270299297,0.7386373069154327,0.5457457657250159,0.7165089961092568,0.8408540074395503,0.6638693264639941
36,0.8139660065227783,0.22844803279294204,0.7762206658834423,0.7539120086819567,0.9302618561031673,0.6781904180430351,0.6253406797818905,0.6853051952563312,0.7404375488588174,0.5458874291649519,0.7155234217155617,0.8410833067297051,0.6633268580364706
37,0.8157630127044916,0.22735250873449572,0.7754714601918304,0.7547742870796872,0.9305015479535607,0.6797930982841451,0.625103104166399,0.685473643448376,0.7422369902255266,0.546525645675033,0.7106318376169176,0.8416056372371746,0.6657379637142242
38,0.8163510106994648,0.22566832966050396,0.7757766339606456,0.75477285196299,0.9306827784377515,0.6818162355425352,0.6249180265762935,0.6865517707722,0.743092845705799,0.5468748139518924,0.6977631945784812,0.8426163555380315,0.667051279452547
39,0.816498199388916,0.2244713282550816,0.7759987614088867,0.7551246126220059,0.930707231549333,0.6827327087738188,0.6244210089176692,0.6879012287226712,0.7442940513605161,0.5477242407894466,0.6882914663864288,0.8427260417406062,0.6686370919980741
40,0.8157086662216542,0.22424034235044452,0.7757991036665309,0.7556108012909858,0.9308690288178649,0.682948571373177,0.6252296889149497,0.6889029886574412,0.7467261680958592,0.5471513000261597,0.7003287479765241,0.8431402580168956,0.6695904310639694
41,0.8156062721987256,0.22323249379765414,0.7761112539747559,0.7560981895652094,0.9310155640782957,0.6833596283306526,0.6253884852447349,0.6900708226505536,0.7479762358102883,0.5475171974882002,0.6983288405092596,0.8435002802878337,0.6703254525642719
42,0.815690342955221,0.22151053662199044,0.7773104084006368,0.757112838742727,0.9311904764987364,0.6839860309532703,0.6252339569058859,0.6902203363619609,0.7489687302803453,0.5476156029399484,0.6929761494534042,0.843744669865231,0.671437869254381
43,0.8154809146660734,0.22021296107601385,0.7793997019553277,0.7569177300503779,0.931341989008366,0.6842970931961608,0.6253286752554013,0.6893854966392957,0.7493074522221965,0.5476435151337281,0.6957139713292898,0.843691018946139,0.6717795066863316
44,0.8151859402129599,0.21889786625045912,0.7811737582976218,0.7565338676804179,0.931466711025254,0.6852966444136537,0.6252316666635801,0.6893465430463576,0.7494907678200081,0.5471857011911706,0.6898110964869861,0.843779586307298,0.672898371965829
45,0.8150166300182257,0.2181077480715016,0.7825049701789264,0.7562632731549658,0.9315604538408724,0.6857178675468666,0.6247918494106034,0.6896790442505938,0.7500565145763384,0.5468105967598225,0.6727527991196844,0.8436901895412731,0.6732545730312901
46,0.8150872314226144,0.217394328040307,0.7833348199077751,0.7562124888187218,0.9315838151860867,0.6861158048445806,0.6246713758279361,0.6894026244368072,0.7508448589547492,0.546995870330674,0.6652014847801594,0.8437438434424597,0.6733580132257004
47,0.8153912125402226,0.2170117662251642,0.7835138535590691,0.7563633220271341,0.9315788792273346,0.6867706966369784,0.6247924708406055,0.6892369309226367,0.7509244561892009,0.5462812169788464,0.663364855328158,0.8440189510885114,0.6728779299219185
48,0.8155492386812192,0.2169281593218889,0.7848099834964846,0.7564438079740677,0.9315903724936525,0.6868860081415216,0.6245532343512573,0.6897420292364602,0.7506729407569727,0.5464504688724482,0.6598577624471972,0.8442022338151648,0.6728325946471364
49,0.8156399769285753,0.21706552992730058,0.7857657311145552,0.7566411371703675,0.9317253212996004,0.6871953531967882,0.6244783542554344,0.6898787039413266,0.7509534324350124,0.5463171634925265,0.657474369396834,0.8442929594459243,0.6725816349825398
50,0.8155732376894319,0.21724728009168406,0.7856368076193513,0.756108454085095,0.9316864890928602,0.6873394659228486,0.6244212047152885,0.6901079990505578,0.750870484711142,0.5463613194346961,0.6545467948590724,0.8443349875504073,0.6725215780180677
